Name,X,Y,Z,
Target 0,0.04354206,0.002524179,0
Target 1,-0.02703819,0.04122823,0
Target 2,-0.02,0,0
Target 3,-0.04135881,-0.01514506,0
