Name,X,Y,Z,
Target 0,0.086431,-0.000580075,0
Target 1,0.02741474,0.02987379,0
Target 2,-0.03740221,-0.02001254,0
Target 3,-0.09438817,0.01421179,0
