Name,X,Y,Z,
Target 0,0,0,0
Target 1,-0.02346229,0.03007978,0
Target 2,-0.06711798,-0.008834622,0
Target 3,-0.03105174,-0.03533847,0
