Name,X,Y,Z,
Target 0,-0.003324916,0.05169728,0
Target 1,0.06133182,-0.03947594,0
Target 2,-0.05977546,-0.03993262,0
