Name,X,Y,Z,
Target 0,0.0604007,-0.04408163,0
Target 1,0.05546803,0.05885787,0
Target 2,-0.05106321,0.05854973,0
Target 3,-0.04808784,-0.04260707,0
