Name,X,Y,Z,
Target 0,0.05574223,-0.006941493,0
Target 1,-0.01,0,0
