Name,X,Y,Z,
Target 0,-0.03617987,-0.01346228,0
Target 1,-0.0489144,0.04312136,0
Target 2,0.0224903,0.05511119,0
