Name,X,Y,Z,
Target 0,-0.002579111,0.04959835,0
Target 1,0.05084908,-0.02868818,0
Target 2,-0.05495571,-0.02850103,0
