Name,X,Y,Z,
Target 0,0.06523871,-0.04366094,0
Target 1,0.0632509,0.05507161,0
Target 2,-0.04959079,0.05202894,0
Target 3,-0.05019132,-0.04239672,0
