Name,X,Y,Z,
Target 0,0,0,0
Target 1,-0.04134186,0.005889745,0
