Name,X,Y,Z,
Target 0,0.1003148,-0.03053058,0
Target 1,0.02676132,0.03364595,0
Target 2,-0.02,0,0
