Name,X,Y,Z,
Target 0,0.02334864,0.005469043,0
Target 1,-0.01,0,0
