Name,X,Y,Z,
Target 0,0.08813585,0.04270066,0
Target 1,-0.09014264,0.05111458,0
Target 2,0.08180844,-0.05384911,0
Target 3,-0.09394585,-0.04922145,0
